Date,Start (ET),Visitor/Neutral,PTS-V,Home/Neutral,PTS-H
Tue Oct 17 2017,8:01p,BOS,99,CLE,102
Tue Oct 17 2017,10:30p,HOU,122,GSW,121
Wed Oct 18 2017,7:30p,MIL,108,BOS,100
Wed Oct 18 2017,8:30p,ATL,117,DAL,111
Wed Oct 18 2017,7:00p,CHO,90,DET,102
Wed Oct 18 2017,7:00p,BRK,131,IND,140
Wed Oct 18 2017,8:00p,NOP,91,MEM,103
Wed Oct 18 2017,7:00p,MIA,109,ORL,116
Wed Oct 18 2017,10:00p,POR,124,PHO,76
Wed Oct 18 2017,10:00p,HOU,105,SAC,100
Wed Oct 18 2017,9:30p,MIN,99,SAS,107
Wed Oct 18 2017,9:00p,DEN,96,UTA,106
Wed Oct 18 2017,7:00p,PHI,115,WAS,120
Thu Oct 19 2017,10:30p,LAC,108,LAL,92
Thu Oct 19 2017,8:00p,NYK,84,OKC,105
Thu Oct 19 2017,7:30p,CHI,100,TOR,117
Fri Oct 20 2017,7:30p,ORL,121,BRK,126
Fri Oct 20 2017,7:00p,ATL,91,CHO,109
Fri Oct 20 2017,8:30p,SAC,93,DAL,88
Fri Oct 20 2017,7:00p,POR,114,IND,96
Fri Oct 20 2017,7:00p,CLE,116,MIL,97
Fri Oct 20 2017,8:00p,UTA,97,MIN,100
Fri Oct 20 2017,9:30p,GSW,128,NOP,120
Fri Oct 20 2017,7:00p,BOS,102,PHI,92
Fri Oct 20 2017,10:00p,LAL,132,PHO,130
Fri Oct 20 2017,7:00p,DET,111,WAS,115
Sat Oct 21 2017,8:00p,SAS,87,CHI,77
Sat Oct 21 2017,8:00p,ORL,114,CLE,93
Sat Oct 21 2017,9:00p,SAC,79,DEN,96
Sat Oct 21 2017,8:00p,DAL,91,HOU,107
Sat Oct 21 2017,10:30p,PHO,88,LAC,130
Sat Oct 21 2017,8:00p,GSW,101,MEM,111
Sat Oct 21 2017,8:00p,IND,108,MIA,112
Sat Oct 21 2017,8:30p,POR,110,MIL,113
Sat Oct 21 2017,8:00p,DET,111,NYK,107
Sat Oct 21 2017,7:30p,PHI,94,TOR,128
Sat Oct 21 2017,9:00p,OKC,87,UTA,96
Sun Oct 22 2017,3:30p,ATL,104,BRK,116
Sun Oct 22 2017,9:30p,NOP,119,LAL,112
Sun Oct 22 2017,7:00p,MIN,115,OKC,113
Mon Oct 23 2017,8:30p,GSW,133,DAL,103
Mon Oct 23 2017,9:00p,WAS,109,DEN,104
Mon Oct 23 2017,7:00p,PHI,97,DET,86
Mon Oct 23 2017,8:00p,MEM,98,HOU,90
Mon Oct 23 2017,7:30p,ATL,93,MIA,104
Mon Oct 23 2017,8:00p,CHO,94,MIL,103
Mon Oct 23 2017,10:00p,SAC,115,PHO,117
Mon Oct 23 2017,8:30p,TOR,97,SAS,101
Tue Oct 24 2017,7:30p,NYK,89,BOS,110
Tue Oct 24 2017,7:00p,CHI,112,CLE,119
Tue Oct 24 2017,10:30p,UTA,84,LAC,102
Tue Oct 24 2017,8:00p,IND,130,MIN,107
Tue Oct 24 2017,7:00p,BRK,121,ORL,125
Tue Oct 24 2017,10:00p,NOP,93,POR,103
Wed Oct 25 2017,7:30p,CLE,107,BRK,112
Wed Oct 25 2017,7:00p,DEN,93,CHO,110
Wed Oct 25 2017,8:30p,MEM,94,DAL,103
Wed Oct 25 2017,7:00p,MIN,101,DET,122
Wed Oct 25 2017,10:30p,TOR,112,GSW,117
Wed Oct 25 2017,10:30p,WAS,99,LAL,102
Wed Oct 25 2017,8:00p,SAS,117,MIA,100
Wed Oct 25 2017,8:00p,IND,96,OKC,114
Wed Oct 25 2017,7:00p,HOU,105,PHI,104
Wed Oct 25 2017,10:00p,UTA,88,PHO,97
Thu Oct 26 2017,8:00p,ATL,86,CHI,91
Thu Oct 26 2017,8:00p,DAL,91,MEM,96
Thu Oct 26 2017,8:00p,BOS,96,MIL,89
Thu Oct 26 2017,10:00p,LAC,104,POR,103
Thu Oct 26 2017,10:30p,NOP,114,SAC,106
Fri Oct 27 2017,7:30p,DEN,105,ATL,100
Fri Oct 27 2017,7:00p,HOU,109,CHO,93
Fri Oct 27 2017,10:30p,WAS,117,GSW,120
Fri Oct 27 2017,10:30p,TOR,101,LAL,92
Fri Oct 27 2017,8:00p,OKC,116,MIN,119
Fri Oct 27 2017,7:30p,BRK,86,NYK,107
Fri Oct 27 2017,7:00p,SAS,87,ORL,114
Sat Oct 28 2017,8:00p,OKC,101,CHI,69
Sat Oct 28 2017,8:30p,PHI,112,DAL,110
Sat Oct 28 2017,10:30p,DET,95,LAC,87
Sat Oct 28 2017,8:00p,HOU,89,MEM,103
Sat Oct 28 2017,8:00p,BOS,96,MIA,90
Sat Oct 28 2017,7:00p,CLE,101,NOP,123
Sat Oct 28 2017,10:00p,PHO,107,POR,114
Sat Oct 28 2017,9:00p,LAL,81,UTA,96
Sun Oct 29 2017,3:30p,MIL,117,ATL,106
Sun Oct 29 2017,6:00p,DEN,124,BRK,111
Sun Oct 29 2017,6:00p,ORL,113,CHO,120
Sun Oct 29 2017,7:00p,NYK,114,CLE,95
Sun Oct 29 2017,8:30p,DET,115,GSW,107
Sun Oct 29 2017,4:30p,SAS,94,IND,97
Sun Oct 29 2017,6:00p,WAS,110,SAC,83
Mon Oct 30 2017,7:30p,SAS,94,BOS,108
Mon Oct 30 2017,8:00p,PHI,115,HOU,107
Mon Oct 30 2017,10:30p,GSW,141,LAC,113
Mon Oct 30 2017,8:00p,CHO,104,MEM,99
Mon Oct 30 2017,7:30p,MIN,125,MIA,122
Mon Oct 30 2017,8:00p,ORL,115,NOP,99
Mon Oct 30 2017,7:30p,DEN,110,NYK,116
Mon Oct 30 2017,10:00p,TOR,99,POR,85
Mon Oct 30 2017,9:00p,DAL,89,UTA,104
Tue Oct 31 2017,7:30p,PHO,122,BRK,114
Tue Oct 31 2017,7:00p,SAC,83,IND,101
Tue Oct 31 2017,10:30p,DET,93,LAL,113
Tue Oct 31 2017,8:00p,OKC,110,MIL,91
Wed Nov 1 2017,7:30p,SAC,86,BOS,113
Wed Nov 1 2017,7:00p,MIL,121,CHO,126
Wed Nov 1 2017,7:00p,IND,124,CLE,107
Wed Nov 1 2017,9:00p,TOR,111,DEN,129
Wed Nov 1 2017,10:30p,DAL,98,LAC,119
Wed Nov 1 2017,8:00p,ORL,101,MEM,99
Wed Nov 1 2017,7:30p,CHI,91,MIA,97
Wed Nov 1 2017,8:00p,MIN,104,NOP,98
Wed Nov 1 2017,8:00p,HOU,119,NYK,97
Wed Nov 1 2017,7:00p,ATL,109,PHI,119
Wed Nov 1 2017,9:00p,POR,103,UTA,112
Wed Nov 1 2017,7:00p,PHO,122,WAS,116
Thu Nov 2 2017,10:30p,LAL,110,POR,113
Thu Nov 2 2017,8:00p,GSW,112,SAS,92
Fri Nov 3 2017,7:30p,HOU,119,ATL,104
Fri Nov 3 2017,8:30p,NOP,99,DAL,94
Fri Nov 3 2017,9:00p,MIA,94,DEN,95
Fri Nov 3 2017,7:00p,MIL,96,DET,105
Fri Nov 3 2017,10:30p,BRK,112,LAL,124
Fri Nov 3 2017,7:30p,PHO,107,NYK,120
Fri Nov 3 2017,9:30p,BOS,101,OKC,94
Fri Nov 3 2017,7:00p,CHI,105,ORL,83
Fri Nov 3 2017,7:00p,IND,110,PHI,121
Fri Nov 3 2017,8:30p,CHO,101,SAS,108
Fri Nov 3 2017,9:00p,TOR,109,UTA,100
Fri Nov 3 2017,7:00p,CLE,130,WAS,122
Sat Nov 4 2017,8:00p,NOP,96,CHI,90
Sat Nov 4 2017,9:00p,GSW,127,DEN,108
Sat Nov 4 2017,7:00p,SAC,99,DET,108
Sat Nov 4 2017,3:30p,MEM,113,LAC,104
Sat Nov 4 2017,8:00p,DAL,99,MIN,112
Sun Nov 5 2017,3:00p,ATL,117,CLE,115
Sun Nov 5 2017,7:00p,UTA,110,HOU,137
Sun Nov 5 2017,3:30p,MIA,104,LAC,101
Sun Nov 5 2017,9:30p,MEM,102,LAL,107
Sun Nov 5 2017,8:00p,CHO,94,MIN,112
Sun Nov 5 2017,7:30p,IND,101,NYK,108
Sun Nov 5 2017,6:00p,BOS,104,ORL,88
Sun Nov 5 2017,9:00p,OKC,99,POR,103
Sun Nov 5 2017,7:00p,PHO,95,SAS,112
Sun Nov 5 2017,6:00p,WAS,107,TOR,96
Mon Nov 6 2017,7:30p,BOS,110,ATL,107
Mon Nov 6 2017,10:30p,MIA,80,GSW,97
Mon Nov 6 2017,9:00p,BRK,98,PHO,92
Tue Nov 7 2017,7:00p,MIL,119,CLE,124
Tue Nov 7 2017,9:00p,BRK,104,DEN,112
Tue Nov 7 2017,7:00p,NOP,117,IND,112
Tue Nov 7 2017,7:30p,CHO,113,NYK,118
Tue Nov 7 2017,10:00p,MEM,98,POR,97
Tue Nov 7 2017,10:00p,OKC,86,SAC,94
Tue Nov 7 2017,8:30p,LAC,107,SAS,120
Tue Nov 7 2017,7:30p,CHI,114,TOR,119
Tue Nov 7 2017,9:00p,PHI,104,UTA,97
Tue Nov 7 2017,7:00p,DAL,113,WAS,99
Wed Nov 8 2017,8:00p,LAL,96,BOS,107
Wed Nov 8 2017,7:00p,IND,97,DET,114
Wed Nov 8 2017,10:30p,MIN,101,GSW,125
Wed Nov 8 2017,7:00p,NYK,99,ORL,112
Wed Nov 8 2017,9:00p,MIA,126,PHO,115
Thu Nov 9 2017,10:30p,OKC,94,DEN,102
Thu Nov 9 2017,8:00p,CLE,113,HOU,117
Thu Nov 9 2017,10:00p,PHI,108,SAC,109
Thu Nov 9 2017,7:30p,NOP,118,TOR,122
Thu Nov 9 2017,7:00p,LAL,95,WAS,111
Fri Nov 10 2017,7:30p,CHO,87,BOS,90
Fri Nov 10 2017,8:00p,IND,105,CHI,87
Fri Nov 10 2017,7:00p,ATL,104,DET,111
Fri Nov 10 2017,9:00p,LAC,111,OKC,120
Fri Nov 10 2017,9:00p,ORL,128,PHO,112
Fri Nov 10 2017,10:00p,BRK,101,POR,97
Fri Nov 10 2017,9:00p,MIL,94,SAS,87
Fri Nov 10 2017,9:00p,MIA,84,UTA,74
Sat Nov 11 2017,8:30p,CLE,111,DAL,104
Sat Nov 11 2017,9:00p,ORL,107,DEN,125
Sat Nov 11 2017,8:30p,PHI,114,GSW,135
Sat Nov 11 2017,8:00p,MEM,96,HOU,111
Sat Nov 11 2017,8:30p,LAL,90,MIL,98
Sat Nov 11 2017,7:00p,LAC,103,NOP,111
Sat Nov 11 2017,8:00p,SAC,91,NYK,118
Sat Nov 11 2017,9:00p,MIN,110,PHO,118
Sat Nov 11 2017,8:30p,CHI,94,SAS,133
Sat Nov 11 2017,9:00p,BRK,106,UTA,114
Sat Nov 11 2017,7:00p,ATL,94,WAS,113
Sun Nov 12 2017,3:30p,TOR,94,BOS,95
Sun Nov 12 2017,4:00p,MIA,103,DET,112
Sun Nov 12 2017,6:00p,HOU,118,IND,95
Sun Nov 12 2017,7:00p,DAL,99,OKC,112
Mon Nov 13 2017,10:30p,ORL,100,GSW,110
Mon Nov 13 2017,10:30p,PHI,109,LAC,105
Mon Nov 13 2017,8:00p,MEM,103,MIL,110
Mon Nov 13 2017,8:00p,ATL,105,NOP,106
Mon Nov 13 2017,7:30p,CLE,104,NYK,101
Mon Nov 13 2017,9:00p,LAL,100,PHO,93
Mon Nov 13 2017,10:00p,DEN,82,POR,99
Mon Nov 13 2017,9:00p,MIN,109,UTA,98
Mon Nov 13 2017,7:00p,SAC,92,WAS,110
Tue Nov 14 2017,7:30p,BOS,109,BRK,102
Tue Nov 14 2017,8:30p,SAS,97,DAL,91
Tue Nov 14 2017,8:00p,TOR,129,HOU,113
Wed Nov 15 2017,7:30p,SAC,80,ATL,126
Wed Nov 15 2017,8:00p,CLE,115,CHO,107
Wed Nov 15 2017,10:30p,PHI,115,LAL,109
Wed Nov 15 2017,8:00p,IND,116,MEM,113
Wed Nov 15 2017,7:30p,WAS,102,MIA,93
Wed Nov 15 2017,8:00p,DET,95,MIL,99
Wed Nov 15 2017,8:00p,SAS,86,MIN,98
Wed Nov 15 2017,8:00p,TOR,125,NOP,116
Wed Nov 15 2017,7:30p,UTA,101,NYK,106
Wed Nov 15 2017,8:00p,CHI,79,OKC,92
Wed Nov 15 2017,10:00p,ORL,94,POR,99
Thu Nov 16 2017,8:00p,GSW,88,BOS,92
Thu Nov 16 2017,10:30p,HOU,142,PHO,116
Fri Nov 17 2017,7:30p,UTA,107,BRK,118
Fri Nov 17 2017,8:00p,CHO,120,CHI,123
Fri Nov 17 2017,7:30p,LAC,113,CLE,118
Fri Nov 17 2017,8:30p,MIN,111,DAL,87
Fri Nov 17 2017,10:30p,NOP,114,DEN,146
Fri Nov 17 2017,7:00p,DET,100,IND,107
Fri Nov 17 2017,10:30p,PHO,122,LAL,113
Fri Nov 17 2017,10:00p,POR,82,SAC,86
Fri Nov 17 2017,8:00p,OKC,101,SAS,104
Fri Nov 17 2017,7:30p,NYK,84,TOR,107
Fri Nov 17 2017,7:00p,MIA,91,WAS,88
Sat Nov 18 2017,7:30p,BOS,110,ATL,99
Sat Nov 18 2017,7:00p,LAC,87,CHO,102
Sat Nov 18 2017,9:00p,MIL,79,DAL,111
Sat Nov 18 2017,8:00p,HOU,105,MEM,83
Sat Nov 18 2017,7:00p,UTA,125,ORL,85
Sat Nov 18 2017,7:30p,GSW,124,PHI,116
Sat Nov 18 2017,10:00p,SAC,90,POR,102
Sun Nov 19 2017,6:00p,GSW,118,BRK,111
Sun Nov 19 2017,9:30p,DEN,109,LAL,127
Sun Nov 19 2017,5:00p,IND,120,MIA,95
Sun Nov 19 2017,7:00p,DET,100,MIN,97
Sun Nov 19 2017,8:00p,CHI,105,PHO,113
Sun Nov 19 2017,3:30p,WAS,91,TOR,100
Mon Nov 20 2017,7:00p,MIN,102,CHO,118
Mon Nov 20 2017,8:30p,BOS,110,DAL,102
Mon Nov 20 2017,7:00p,CLE,116,DET,88
Mon Nov 20 2017,8:00p,POR,100,MEM,92
Mon Nov 20 2017,8:00p,WAS,99,MIL,88
Mon Nov 20 2017,8:00p,OKC,107,NOP,114
Mon Nov 20 2017,7:30p,LAC,85,NYK,107
Mon Nov 20 2017,7:00p,IND,105,ORL,97
Mon Nov 20 2017,7:00p,UTA,86,PHI,107
Mon Nov 20 2017,10:00p,DEN,114,SAC,98
Mon Nov 20 2017,8:30p,ATL,85,SAS,96
Tue Nov 21 2017,10:30p,CHI,94,LAL,103
Wed Nov 22 2017,7:30p,LAC,116,ATL,103
Wed Nov 22 2017,7:00p,WAS,124,CHO,129
Wed Nov 22 2017,7:00p,BRK,109,CLE,119
Wed Nov 22 2017,8:00p,DEN,95,HOU,125
Wed Nov 22 2017,8:00p,DAL,95,MEM,94
Wed Nov 22 2017,7:30p,BOS,98,MIA,104
Wed Nov 22 2017,8:00p,ORL,118,MIN,124
Wed Nov 22 2017,8:00p,SAS,90,NOP,107
Wed Nov 22 2017,7:30p,TOR,100,NYK,108
Wed Nov 22 2017,8:00p,GSW,91,OKC,108
Wed Nov 22 2017,7:00p,POR,81,PHI,101
Wed Nov 22 2017,9:00p,MIL,113,PHO,107
Wed Nov 22 2017,10:30p,LAL,102,SAC,113
Wed Nov 22 2017,9:00p,CHI,80,UTA,110
Fri Nov 24 2017,7:30p,NYK,104,ATL,116
Fri Nov 24 2017,7:30p,ORL,103,BOS,118
Fri Nov 24 2017,12:00p,POR,127,BRK,125
Fri Nov 24 2017,8:00p,CHO,99,CLE,100
Fri Nov 24 2017,9:00p,MEM,92,DEN,104
Fri Nov 24 2017,10:30p,CHI,94,GSW,143
Fri Nov 24 2017,8:00p,TOR,104,IND,107
Fri Nov 24 2017,8:00p,MIA,109,MIN,97
Fri Nov 24 2017,8:00p,DET,99,OKC,98
Fri Nov 24 2017,9:00p,NOP,115,PHO,91
Sat Nov 25 2017,7:30p,TOR,112,ATL,78
Sat Nov 25 2017,7:00p,SAS,106,CHO,86
Sat Nov 25 2017,8:30p,OKC,81,DAL,97
Sat Nov 25 2017,8:30p,NOP,95,GSW,110
Sat Nov 25 2017,8:00p,NYK,102,HOU,117
Sat Nov 25 2017,8:00p,BOS,108,IND,98
Sat Nov 25 2017,7:00p,ORL,111,PHI,130
Sat Nov 25 2017,10:00p,LAC,97,SAC,95
Sat Nov 25 2017,9:00p,MIL,108,UTA,121
Sat Nov 25 2017,7:00p,POR,108,WAS,105
Sun Nov 26 2017,3:30p,MIA,100,CHI,93
Sun Nov 26 2017,6:00p,BRK,98,MEM,88
Sun Nov 26 2017,3:30p,PHO,108,MIN,119
Mon Nov 27 2017,7:30p,DET,118,BOS,108
Mon Nov 27 2017,10:30p,SAC,110,GSW,106
Mon Nov 27 2017,8:00p,BRK,103,HOU,117
Mon Nov 27 2017,7:00p,ORL,109,IND,121
Mon Nov 27 2017,10:30p,LAL,115,LAC,120
Mon Nov 27 2017,7:30p,POR,103,NYK,91
Mon Nov 27 2017,7:00p,CLE,113,PHI,91
Mon Nov 27 2017,8:30p,DAL,108,SAS,115
Tue Nov 28 2017,8:00p,PHO,104,CHI,99
Tue Nov 28 2017,7:00p,MIA,97,CLE,108
Tue Nov 28 2017,8:00p,WAS,92,MIN,89
Tue Nov 28 2017,10:00p,MIL,112,SAC,87
Tue Nov 28 2017,10:00p,DEN,77,UTA,106
Wed Nov 29 2017,8:30p,BRK,109,DAL,104
Wed Nov 29 2017,7:00p,PHO,107,DET,131
Wed Nov 29 2017,8:00p,IND,97,HOU,118
Wed Nov 29 2017,10:30p,GSW,127,LAL,123
Wed Nov 29 2017,8:00p,MIN,120,NOP,102
Wed Nov 29 2017,7:30p,MIA,86,NYK,115
Wed Nov 29 2017,7:00p,OKC,108,ORL,121
Wed Nov 29 2017,7:00p,WAS,113,PHI,118
Wed Nov 29 2017,8:30p,MEM,95,SAS,104
Wed Nov 29 2017,7:30p,CHO,113,TOR,126
Thu Nov 30 2017,7:30p,CLE,121,ATL,114
Thu Nov 30 2017,7:30p,PHI,97,BOS,108
Thu Nov 30 2017,9:00p,CHI,110,DEN,111
Thu Nov 30 2017,10:30p,UTA,126,LAC,107
Thu Nov 30 2017,10:00p,MIL,103,POR,91
Fri Dec 1 2017,8:00p,SAC,107,CHI,106
Fri Dec 1 2017,8:00p,SAS,95,MEM,79
Fri Dec 1 2017,8:00p,CHO,100,MIA,105
Fri Dec 1 2017,8:00p,MIN,107,OKC,111
Fri Dec 1 2017,7:00p,GSW,133,ORL,112
Fri Dec 1 2017,7:30p,IND,115,TOR,120
Fri Dec 1 2017,9:00p,NOP,108,UTA,114
Fri Dec 1 2017,7:00p,DET,91,WAS,109
Sat Dec 2 2017,1:00p,PHO,111,BOS,116
Sat Dec 2 2017,3:00p,ATL,114,BRK,102
Sat Dec 2 2017,7:30p,MEM,111,CLE,116
Sat Dec 2 2017,2:00p,LAC,82,DAL,108
Sat Dec 2 2017,9:00p,LAL,100,DEN,115
Sat Dec 2 2017,8:30p,SAC,104,MIL,109
Sat Dec 2 2017,7:30p,DET,103,PHI,108
Sat Dec 2 2017,10:00p,NOP,123,POR,116
Sun Dec 3 2017,9:30p,HOU,118,LAL,95
Sun Dec 3 2017,7:00p,GSW,123,MIA,95
Sun Dec 3 2017,7:00p,LAC,106,MIN,112
Sun Dec 3 2017,3:30p,ORL,105,NYK,100
Sun Dec 3 2017,7:00p,SAS,87,OKC,90
Mon Dec 4 2017,7:30p,BRK,110,ATL,90
Mon Dec 4 2017,7:30p,MIL,100,BOS,111
Mon Dec 4 2017,8:00p,CLE,113,CHI,91
Mon Dec 4 2017,7:00p,ORL,94,CHO,104
Mon Dec 4 2017,8:30p,DEN,105,DAL,122
Mon Dec 4 2017,7:00p,NYK,97,IND,115
Mon Dec 4 2017,8:00p,MIN,92,MEM,95
Mon Dec 4 2017,8:00p,GSW,125,NOP,115
Mon Dec 4 2017,7:00p,PHO,115,PHI,101
Mon Dec 4 2017,8:30p,DET,93,SAS,96
Mon Dec 4 2017,9:00p,WAS,69,UTA,116
Tue Dec 5 2017,8:00p,UTA,94,OKC,100
Tue Dec 5 2017,10:00p,WAS,106,POR,92
Tue Dec 5 2017,7:30p,PHO,113,TOR,126
Wed Dec 6 2017,7:30p,DAL,90,BOS,97
Wed Dec 6 2017,8:00p,GSW,101,CHO,87
Wed Dec 6 2017,7:00p,SAC,95,CLE,101
Wed Dec 6 2017,7:00p,CHI,96,IND,98
Wed Dec 6 2017,10:30p,MIN,113,LAC,107
Wed Dec 6 2017,8:00p,DET,100,MIL,104
Wed Dec 6 2017,8:00p,DEN,114,NOP,123
Wed Dec 6 2017,7:30p,MEM,88,NYK,99
Wed Dec 6 2017,7:00p,ATL,106,ORL,110
Wed Dec 6 2017,8:30p,MIA,105,SAS,117
Thu Dec 7 2017,10:00p,OKC,95,BRK,100
Thu Dec 7 2017,8:00p,LAL,107,PHI,104
Thu Dec 7 2017,9:00p,WAS,109,PHO,99
Thu Dec 7 2017,10:30p,HOU,112,UTA,101
Fri Dec 8 2017,7:00p,CHI,119,CHO,111
Fri Dec 8 2017,7:00p,GSW,102,DET,98
Fri Dec 8 2017,7:00p,CLE,102,IND,106
Fri Dec 8 2017,8:00p,TOR,116,MEM,107
Fri Dec 8 2017,8:00p,DAL,102,MIL,109
Fri Dec 8 2017,8:00p,SAC,116,NOP,109
Fri Dec 8 2017,7:00p,DEN,103,ORL,89
Fri Dec 8 2017,9:30p,BOS,102,SAS,105
Sat Dec 9 2017,7:30p,ORL,110,ATL,117
Sat Dec 9 2017,6:00p,MIA,101,BRK,89
Sat Dec 9 2017,8:00p,NYK,102,CHI,104
Sat Dec 9 2017,7:00p,LAL,110,CHO,99
Sat Dec 9 2017,8:00p,PHI,98,CLE,105
Sat Dec 9 2017,3:30p,WAS,112,LAC,113
Sat Dec 9 2017,9:00p,OKC,102,MEM,101
Sat Dec 9 2017,8:30p,UTA,100,MIL,117
Sat Dec 9 2017,9:00p,SAS,104,PHO,101
Sat Dec 9 2017,10:00p,HOU,124,POR,117
Sun Dec 10 2017,4:00p,BOS,91,DET,81
Sun Dec 10 2017,5:00p,DEN,116,IND,126
Sun Dec 10 2017,7:00p,DAL,92,MIN,97
Sun Dec 10 2017,7:00p,PHI,124,NOP,131
Sun Dec 10 2017,7:30p,ATL,107,NYK,111
Sun Dec 10 2017,3:30p,TOR,102,SAC,87
Mon Dec 11 2017,8:00p,BOS,85,CHI,108
Mon Dec 11 2017,10:30p,POR,104,GSW,111
Mon Dec 11 2017,8:00p,NOP,123,HOU,130
Mon Dec 11 2017,10:30p,TOR,91,LAC,96
Mon Dec 11 2017,8:00p,MIA,107,MEM,82
Mon Dec 11 2017,8:00p,CHO,116,OKC,103
Tue Dec 12 2017,7:30p,WAS,98,BRK,103
Tue Dec 12 2017,7:00p,ATL,114,CLE,123
Tue Dec 12 2017,8:30p,SAS,89,DAL,95
Tue Dec 12 2017,7:00p,DEN,103,DET,84
Tue Dec 12 2017,9:30p,PHI,118,MIN,112
Tue Dec 12 2017,7:00p,LAL,109,NYK,113
Tue Dec 12 2017,10:00p,PHO,92,SAC,99
Wed Dec 13 2017,7:30p,DEN,118,BOS,124
Wed Dec 13 2017,8:00p,UTA,100,CHI,103
Wed Dec 13 2017,9:30p,CHO,96,HOU,108
Wed Dec 13 2017,7:00p,OKC,100,IND,95
Wed Dec 13 2017,7:30p,POR,102,MIA,95
Wed Dec 13 2017,8:00p,MIL,108,NOP,115
Wed Dec 13 2017,7:00p,LAC,106,ORL,95
Wed Dec 13 2017,9:00p,TOR,115,PHO,109
Wed Dec 13 2017,7:00p,MEM,87,WAS,93
Thu Dec 14 2017,7:30p,DET,105,ATL,91
Thu Dec 14 2017,7:30p,NYK,111,BRK,104
Thu Dec 14 2017,8:00p,LAL,112,CLE,121
Thu Dec 14 2017,10:30p,DAL,97,GSW,112
Thu Dec 14 2017,8:00p,SAC,96,MIN,119
Fri Dec 15 2017,7:30p,UTA,107,BOS,95
Fri Dec 15 2017,7:00p,MIA,104,CHO,98
Fri Dec 15 2017,9:00p,NOP,111,DEN,117
Fri Dec 15 2017,9:30p,SAS,109,HOU,124
Fri Dec 15 2017,7:00p,DET,104,IND,98
Fri Dec 15 2017,8:00p,ATL,94,MEM,96
Fri Dec 15 2017,8:00p,CHI,115,MIL,109
Fri Dec 15 2017,7:00p,POR,95,ORL,88
Fri Dec 15 2017,7:00p,OKC,119,PHI,117
Fri Dec 15 2017,7:30p,BRK,87,TOR,120
Fri Dec 15 2017,7:00p,LAC,91,WAS,100
Sat Dec 16 2017,7:00p,POR,93,CHO,91
Sat Dec 16 2017,7:30p,UTA,100,CLE,109
Sat Dec 16 2017,8:00p,MIL,111,HOU,115
Sat Dec 16 2017,9:00p,BOS,102,MEM,93
Sat Dec 16 2017,8:00p,LAC,85,MIA,90
Sat Dec 16 2017,8:00p,PHO,108,MIN,106
Sat Dec 16 2017,7:30p,OKC,96,NYK,111
Sat Dec 16 2017,8:30p,DAL,96,SAS,98
Sun Dec 17 2017,6:00p,IND,109,BRK,97
Sun Dec 17 2017,4:00p,ORL,110,DET,114
Sun Dec 17 2017,3:30p,SAC,93,TOR,108
Sun Dec 17 2017,6:00p,CLE,106,WAS,99
Mon Dec 18 2017,7:30p,MIA,104,ATL,110
Mon Dec 18 2017,8:00p,PHI,115,CHI,117
Mon Dec 18 2017,7:00p,NYK,91,CHO,109
Mon Dec 18 2017,8:30p,PHO,97,DAL,91
Mon Dec 18 2017,8:00p,UTA,99,HOU,120
Mon Dec 18 2017,7:00p,BOS,112,IND,111
Mon Dec 18 2017,10:30p,GSW,116,LAL,114
Mon Dec 18 2017,8:00p,POR,107,MIN,108
Mon Dec 18 2017,8:00p,DEN,94,OKC,95
Mon Dec 18 2017,8:30p,LAC,91,SAS,109
Tue Dec 19 2017,8:00p,CLE,116,MIL,119
Tue Dec 19 2017,7:00p,SAC,101,PHI,95
Tue Dec 19 2017,7:00p,NOP,106,WAS,116
Wed Dec 20 2017,7:30p,IND,105,ATL,95
Wed Dec 20 2017,7:30p,MIA,90,BOS,89
Wed Dec 20 2017,7:30p,SAC,104,BRK,99
Wed Dec 20 2017,8:00p,ORL,94,CHI,112
Wed Dec 20 2017,7:00p,TOR,129,CHO,111
Wed Dec 20 2017,8:30p,DET,93,DAL,110
Wed Dec 20 2017,9:00p,MIN,112,DEN,104
Wed Dec 20 2017,10:30p,MEM,84,GSW,97
Wed Dec 20 2017,8:00p,LAL,122,HOU,116
Wed Dec 20 2017,10:30p,PHO,95,LAC,108
Wed Dec 20 2017,8:00p,UTA,79,OKC,107
Wed Dec 20 2017,10:00p,SAS,93,POR,91
Thu Dec 21 2017,7:00p,CHI,112,CLE,115
Thu Dec 21 2017,8:00p,BOS,93,NYK,102
Thu Dec 21 2017,7:00p,TOR,114,PHI,109
Thu Dec 21 2017,9:00p,MEM,95,PHO,97
Thu Dec 21 2017,10:30p,SAS,89,UTA,100
Fri Dec 22 2017,7:30p,WAS,84,BRK,119
Fri Dec 22 2017,7:00p,NYK,101,DET,104
Fri Dec 22 2017,10:30p,LAL,106,GSW,113
Fri Dec 22 2017,8:00p,LAC,128,HOU,118
Fri Dec 22 2017,8:00p,DAL,101,MIA,113
Fri Dec 22 2017,8:00p,CHO,104,MIL,109
Fri Dec 22 2017,8:00p,ATL,117,OKC,120
Fri Dec 22 2017,7:00p,NOP,111,ORL,97
Fri Dec 22 2017,10:00p,DEN,102,POR,85
Sat Dec 23 2017,7:30p,DAL,107,ATL,112
Sat Dec 23 2017,7:30p,CHI,92,BOS,117
Sat Dec 23 2017,7:00p,MIL,106,CHO,111
Sat Dec 23 2017,8:30p,DEN,96,GSW,81
Sat Dec 23 2017,7:00p,BRK,119,IND,123
Sat Dec 23 2017,9:30p,POR,95,LAL,92
Sat Dec 23 2017,8:00p,LAC,112,MEM,115
Sat Dec 23 2017,8:00p,NOP,109,MIA,94
Sat Dec 23 2017,9:00p,MIN,115,PHO,106
Sat Dec 23 2017,10:00p,SAS,108,SAC,99
Sat Dec 23 2017,5:00p,PHI,86,TOR,102
Sat Dec 23 2017,8:00p,OKC,103,UTA,89
Sat Dec 23 2017,7:00p,ORL,103,WAS,130
Mon Dec 25 2017,5:30p,WAS,111,BOS,103
Mon Dec 25 2017,3:00p,CLE,92,GSW,99
Mon Dec 25 2017,10:30p,MIN,121,LAL,104
Mon Dec 25 2017,12:00p,PHI,105,NYK,98
Mon Dec 25 2017,8:00p,HOU,107,OKC,112
Tue Dec 26 2017,7:00p,TOR,93,DAL,98
Tue Dec 26 2017,9:00p,UTA,83,DEN,107
Tue Dec 26 2017,7:00p,IND,83,DET,107
Tue Dec 26 2017,10:30p,SAC,95,LAC,122
Tue Dec 26 2017,7:30p,ORL,89,MIA,107
Tue Dec 26 2017,8:00p,CHI,115,MIL,106
Tue Dec 26 2017,9:00p,MEM,97,PHO,99
Tue Dec 26 2017,8:30p,BRK,97,SAS,109
Wed Dec 27 2017,7:30p,WAS,99,ATL,113
Wed Dec 27 2017,8:00p,NYK,87,CHI,92
Wed Dec 27 2017,7:00p,BOS,102,CHO,91
Wed Dec 27 2017,10:30p,UTA,101,GSW,126
Wed Dec 27 2017,7:00p,DAL,98,IND,94
Wed Dec 27 2017,10:30p,MEM,109,LAL,99
Wed Dec 27 2017,8:00p,DEN,125,MIN,128
Wed Dec 27 2017,8:00p,BRK,113,NOP,128
Wed Dec 27 2017,8:00p,TOR,107,OKC,124
Wed Dec 27 2017,10:00p,CLE,95,SAC,109
Thu Dec 28 2017,8:00p,HOU,98,BOS,99
Thu Dec 28 2017,8:00p,MIN,96,MIL,102
Thu Dec 28 2017,7:00p,DET,89,ORL,102
Thu Dec 28 2017,10:30p,PHI,110,POR,114
Thu Dec 28 2017,8:30p,NYK,107,SAS,119
Fri Dec 29 2017,8:00p,IND,107,CHI,119
Fri Dec 29 2017,10:30p,CHO,111,GSW,100
Fri Dec 29 2017,10:30p,LAC,121,LAL,106
Fri Dec 29 2017,8:00p,BRK,111,MIA,87
Fri Dec 29 2017,8:00p,DAL,128,NOP,120
Fri Dec 29 2017,8:00p,MIL,97,OKC,95
Fri Dec 29 2017,10:00p,PHO,111,SAC,101
Fri Dec 29 2017,7:30p,ATL,98,TOR,111
Fri Dec 29 2017,7:00p,HOU,103,WAS,121
Sat Dec 30 2017,7:30p,POR,89,ATL,104
Sat Dec 30 2017,9:00p,PHI,107,DEN,102
Sat Dec 30 2017,7:00p,SAS,79,DET,93
Sat Dec 30 2017,8:30p,MEM,128,GSW,141
Sat Dec 30 2017,7:00p,NYK,105,NOP,103
Sat Dec 30 2017,7:00p,MIA,117,ORL,111
Sat Dec 30 2017,8:00p,CLE,101,UTA,104
Sun Dec 31 2017,5:30p,BRK,105,BOS,108
Sun Dec 31 2017,7:00p,LAL,142,HOU,148
Sun Dec 31 2017,5:00p,MIN,107,IND,90
Sun Dec 31 2017,7:00p,CHO,98,LAC,106
Sun Dec 31 2017,7:00p,DAL,116,OKC,113
Sun Dec 31 2017,8:00p,PHI,123,PHO,110
Sun Dec 31 2017,7:00p,MEM,114,SAC,96
Sun Dec 31 2017,3:30p,CHI,110,WAS,114
Mon Jan 1 2018,7:30p,ORL,95,BRK,98
Mon Jan 1 2018,8:00p,POR,124,CHI,120
Mon Jan 1 2018,8:00p,LAL,96,MIN,114
Mon Jan 1 2018,7:30p,MIL,127,TOR,131
Tue Jan 2 2018,7:00p,POR,110,CLE,127
Tue Jan 2 2018,10:30p,MEM,105,LAC,113
Tue Jan 2 2018,7:30p,SAS,100,NYK,91
Tue Jan 2 2018,9:00p,ATL,103,PHO,104
Tue Jan 2 2018,10:00p,CHO,131,SAC,111
Wed Jan 3 2018,8:00p,CLE,88,BOS,102
Wed Jan 3 2018,7:30p,MIN,97,BRK,98
Wed Jan 3 2018,8:00p,TOR,124,CHI,115
Wed Jan 3 2018,8:30p,GSW,125,DAL,122
Wed Jan 3 2018,9:00p,PHO,111,DEN,134
Wed Jan 3 2018,10:30p,OKC,133,LAL,96
Wed Jan 3 2018,7:30p,DET,104,MIA,111
Wed Jan 3 2018,8:00p,IND,101,MIL,122
Wed Jan 3 2018,7:00p,HOU,116,ORL,98
Wed Jan 3 2018,7:00p,SAS,106,PHI,112
Wed Jan 3 2018,9:00p,NOP,108,UTA,98
Wed Jan 3 2018,7:00p,NYK,103,WAS,121
Thu Jan 4 2018,8:00p,GSW,124,HOU,114
Thu Jan 4 2018,10:30p,OKC,127,LAC,117
Fri Jan 5 2018,7:00p,MIN,84,BOS,91
Fri Jan 5 2018,8:30p,CHI,127,DAL,124
Fri Jan 5 2018,9:00p,UTA,91,DEN,99
Fri Jan 5 2018,10:30p,CHO,108,LAL,94
Fri Jan 5 2018,9:30p,WAS,102,MEM,100
Fri Jan 5 2018,8:00p,NYK,103,MIA,107
Fri Jan 5 2018,8:00p,TOR,129,MIL,110
Fri Jan 5 2018,7:00p,DET,78,PHI,114
Fri Jan 5 2018,10:00p,ATL,89,POR,110
Fri Jan 5 2018,8:30p,PHO,89,SAS,103
Sat Jan 6 2018,6:00p,BOS,87,BRK,85
Sat Jan 6 2018,7:00p,HOU,101,DET,108
Sat Jan 6 2018,7:00p,CHI,86,IND,125
Sat Jan 6 2018,3:30p,GSW,121,LAC,105
Sat Jan 6 2018,9:00p,NOP,98,MIN,116
Sat Jan 6 2018,7:00p,CLE,131,ORL,127
Sat Jan 6 2018,10:00p,DEN,98,SAC,106
Sat Jan 6 2018,8:00p,MIL,110,WAS,103
Sun Jan 7 2018,7:00p,NYK,100,DAL,96
Sun Jan 7 2018,9:30p,ATL,113,LAL,132
Sun Jan 7 2018,3:30p,UTA,102,MIA,103
Sun Jan 7 2018,8:00p,OKC,100,PHO,114
Sun Jan 7 2018,9:00p,SAS,110,POR,111
Mon Jan 8 2018,7:30p,TOR,114,BRK,113
Mon Jan 8 2018,8:00p,HOU,116,CHI,107
Mon Jan 8 2018,10:30p,DEN,114,GSW,124
Mon Jan 8 2018,7:00p,MIL,96,IND,109
Mon Jan 8 2018,10:30p,ATL,107,LAC,108
Mon Jan 8 2018,8:00p,CLE,99,MIN,127
Mon Jan 8 2018,8:00p,DET,109,NOP,112
Mon Jan 8 2018,10:00p,SAS,107,SAC,100
Tue Jan 9 2018,8:30p,ORL,99,DAL,114
Tue Jan 9 2018,10:30p,SAC,86,LAL,99
Tue Jan 9 2018,8:00p,POR,117,OKC,106
Tue Jan 9 2018,7:30p,MIA,90,TOR,89
Wed Jan 10 2018,7:30p,DET,114,BRK,80
Wed Jan 10 2018,7:00p,DAL,115,CHO,111
Wed Jan 10 2018,9:00p,ATL,110,DEN,97
Wed Jan 10 2018,10:30p,LAC,125,GSW,106
Wed Jan 10 2018,8:00p,POR,112,HOU,121
Wed Jan 10 2018,7:00p,MIA,114,IND,106
Wed Jan 10 2018,8:00p,NOP,102,MEM,105
Wed Jan 10 2018,8:00p,ORL,103,MIL,110
Wed Jan 10 2018,8:00p,OKC,88,MIN,104
Wed Jan 10 2018,7:30p,CHI,122,NYK,119
Wed Jan 10 2018,7:00p,UTA,107,WAS,104
Thu Jan 11 2018,10:30p,SAS,81,LAL,93
Thu Jan 11 2018,3:00p,BOS,114,PHI,103
Thu Jan 11 2018,10:00p,LAC,121,SAC,115
Thu Jan 11 2018,8:00p,CLE,99,TOR,133
Fri Jan 12 2018,7:30p,BRK,110,ATL,105
Fri Jan 12 2018,7:00p,UTA,88,CHO,99
Fri Jan 12 2018,9:00p,MEM,78,DEN,87
Fri Jan 12 2018,7:00p,CLE,95,IND,97
Fri Jan 12 2018,8:00p,GSW,108,MIL,94
Fri Jan 12 2018,8:00p,NYK,108,MIN,118
Fri Jan 12 2018,8:00p,POR,113,NOP,119
Fri Jan 12 2018,10:30p,HOU,112,PHO,95
Fri Jan 12 2018,7:00p,ORL,119,WAS,125
Sat Jan 13 2018,8:00p,DET,105,CHI,107
Sat Jan 13 2018,5:00p,OKC,101,CHO,91
Sat Jan 13 2018,2:00p,LAL,107,DAL,101
Sat Jan 13 2018,3:30p,SAC,105,LAC,126
Sat Jan 13 2018,8:30p,DEN,80,SAS,112
Sat Jan 13 2018,7:30p,GSW,127,TOR,125
Sat Jan 13 2018,7:00p,BRK,113,WAS,119
Sun Jan 14 2018,1:00p,MIL,79,MIA,97
Sun Jan 14 2018,9:00p,POR,103,MIN,120
Sun Jan 14 2018,3:30p,NOP,123,NYK,118
Sun Jan 14 2018,8:00p,IND,120,PHO,97
Mon Jan 15 2018,3:00p,SAS,99,ATL,102
Mon Jan 15 2018,3:00p,NYK,119,BRK,104
Mon Jan 15 2018,3:30p,MIA,111,CHI,119
Mon Jan 15 2018,8:00p,GSW,118,CLE,108
Mon Jan 15 2018,12:30p,CHO,118,DET,107
Mon Jan 15 2018,10:30p,HOU,102,LAC,113
Mon Jan 15 2018,5:30p,LAL,114,MEM,123
Mon Jan 15 2018,8:00p,SAC,88,OKC,95
Mon Jan 15 2018,1:00p,TOR,111,PHI,117
Mon Jan 15 2018,9:00p,IND,109,UTA,94
Mon Jan 15 2018,2:00p,MIL,104,WAS,95
Tue Jan 16 2018,7:30p,NOP,116,BOS,113
Tue Jan 16 2018,9:00p,DAL,102,DEN,105
Tue Jan 16 2018,7:00p,MIN,102,ORL,108
Tue Jan 16 2018,10:00p,PHO,111,POR,118
Wed Jan 17 2018,7:30p,NOP,93,ATL,94
Wed Jan 17 2018,7:30p,SAS,100,BRK,95
Wed Jan 17 2018,8:00p,GSW,119,CHI,112
Wed Jan 17 2018,7:00p,WAS,109,CHO,133
Wed Jan 17 2018,10:30p,DEN,104,LAC,109
Wed Jan 17 2018,8:00p,NYK,99,MEM,105
Wed Jan 17 2018,8:00p,MIA,106,MIL,101
Wed Jan 17 2018,8:00p,LAL,90,OKC,114
Wed Jan 17 2018,10:00p,UTA,120,SAC,105
Wed Jan 17 2018,7:30p,DET,91,TOR,96
Thu Jan 18 2018,7:00p,PHI,89,BOS,80
Thu Jan 18 2018,7:00p,ORL,103,CLE,104
Thu Jan 18 2018,9:30p,MIN,98,HOU,116
Thu Jan 18 2018,10:00p,IND,86,POR,100
Fri Jan 19 2018,7:30p,MIA,95,BRK,101
Fri Jan 19 2018,9:00p,PHO,108,DEN,100
Fri Jan 19 2018,8:00p,WAS,122,DET,112
Fri Jan 19 2018,10:30p,IND,86,LAL,99
Fri Jan 19 2018,8:00p,SAC,88,MEM,106
Fri Jan 19 2018,7:00p,SAS,83,TOR,86
Fri Jan 19 2018,10:30p,NYK,117,UTA,115
Sat Jan 20 2018,5:00p,CHI,113,ATL,97
Sat Jan 20 2018,7:00p,MIA,106,CHO,105
Sat Jan 20 2018,3:30p,OKC,148,CLE,124
Sat Jan 20 2018,8:30p,GSW,108,HOU,116
Sat Jan 20 2018,9:00p,TOR,109,MIN,115
Sat Jan 20 2018,7:00p,MEM,104,NOP,111
Sat Jan 20 2018,7:30p,MIL,94,PHI,116
Sat Jan 20 2018,10:00p,DAL,108,POR,117
Sat Jan 20 2018,9:00p,LAC,113,UTA,125
Sun Jan 21 2018,1:00p,ORL,103,BOS,95
Sun Jan 21 2018,4:00p,BRK,101,DET,100
Sun Jan 21 2018,3:30p,NYK,107,LAL,127
Sun Jan 21 2018,7:00p,IND,94,SAS,86
Mon Jan 22 2018,7:30p,UTA,90,ATL,104
Mon Jan 22 2018,7:00p,SAC,107,CHO,112
Mon Jan 22 2018,8:30p,WAS,75,DAL,98
Mon Jan 22 2018,9:00p,POR,101,DEN,104
Mon Jan 22 2018,8:00p,MIA,90,HOU,99
Mon Jan 22 2018,10:30p,MIN,126,LAC,118
Mon Jan 22 2018,8:00p,PHI,101,MEM,105
Mon Jan 22 2018,8:00p,PHO,105,MIL,109
Mon Jan 22 2018,8:00p,CHI,128,NOP,132
Tue Jan 23 2018,10:30p,NYK,112,GSW,123
Tue Jan 23 2018,10:30p,BOS,107,LAL,108
Tue Jan 23 2018,8:00p,BRK,108,OKC,109
Tue Jan 23 2018,7:00p,SAC,105,ORL,99
Tue Jan 23 2018,8:00p,CLE,102,SAS,114
Wed Jan 24 2018,7:30p,TOR,108,ATL,93
Wed Jan 24 2018,7:00p,NOP,101,CHO,96
Wed Jan 24 2018,8:00p,HOU,104,DAL,97
Wed Jan 24 2018,7:00p,UTA,98,DET,95
Wed Jan 24 2018,7:00p,PHO,101,IND,116
Wed Jan 24 2018,10:30p,BOS,113,LAC,102
Wed Jan 24 2018,8:00p,SAS,108,MEM,85
Wed Jan 24 2018,7:00p,CHI,101,PHI,115
Wed Jan 24 2018,10:00p,MIN,114,POR,123
Thu Jan 25 2018,9:00p,NYK,118,DEN,130
Thu Jan 25 2018,10:30p,MIN,113,GSW,126
Thu Jan 25 2018,7:30p,SAC,89,MIA,88
Thu Jan 25 2018,8:00p,WAS,112,OKC,121
Fri Jan 26 2018,8:00p,LAL,108,CHI,103
Fri Jan 26 2018,7:00p,ATL,110,CHO,121
Fri Jan 26 2018,7:30p,IND,108,CLE,115
Fri Jan 26 2018,8:30p,POR,107,DAL,93
Fri Jan 26 2018,8:00p,LAC,109,MEM,100
Fri Jan 26 2018,8:00p,BRK,91,MIL,116
Fri Jan 26 2018,8:00p,HOU,113,NOP,115
Fri Jan 26 2018,9:00p,NYK,107,PHO,85
Fri Jan 26 2018,8:30p,PHI,97,SAS,78
Fri Jan 26 2018,7:30p,UTA,97,TOR,93
Sat Jan 27 2018,7:30p,WAS,129,ATL,104
Sat Jan 27 2018,9:00p,DAL,89,DEN,91
Sat Jan 27 2018,5:00p,OKC,121,DET,108
Sat Jan 27 2018,8:30p,BOS,105,GSW,109
Sat Jan 27 2018,7:00p,ORL,112,IND,114
Sat Jan 27 2018,7:30p,CHO,91,MIA,95
Sat Jan 27 2018,9:00p,BRK,97,MIN,111
Sun Jan 28 2018,3:30p,MIL,110,CHI,96
Sun Jan 28 2018,6:00p,DET,104,CLE,121
Sun Jan 28 2018,3:30p,PHO,102,HOU,113
Sun Jan 28 2018,4:00p,LAC,112,NOP,103
Sun Jan 28 2018,6:00p,PHI,112,OKC,122
Sun Jan 28 2018,7:00p,SAC,98,SAS,113
Sun Jan 28 2018,6:00p,LAL,111,TOR,123
Mon Jan 29 2018,7:30p,MIN,100,ATL,105
Mon Jan 29 2018,8:30p,MIA,95,DAL,88
Mon Jan 29 2018,9:00p,BOS,111,DEN,110
Mon Jan 29 2018,7:00p,CHO,96,IND,105
Mon Jan 29 2018,8:00p,PHO,109,MEM,120
Mon Jan 29 2018,8:00p,PHI,95,MIL,107
Tue Jan 30 2018,8:00p,CLE,114,DET,125
Tue Jan 30 2018,8:00p,ORL,107,HOU,114
Tue Jan 30 2018,10:30p,POR,104,LAC,96
Tue Jan 30 2018,8:00p,SAC,114,NOP,103
Tue Jan 30 2018,7:30p,BRK,95,NYK,111
Tue Jan 30 2018,8:30p,DEN,104,SAS,106
Tue Jan 30 2018,7:30p,MIN,104,TOR,109
Tue Jan 30 2018,9:00p,GSW,99,UTA,129
Tue Jan 30 2018,7:00p,OKC,96,WAS,102
Wed Jan 31 2018,7:30p,CHO,123,ATL,110
Wed Jan 31 2018,8:00p,NYK,73,BOS,103
Wed Jan 31 2018,7:30p,PHI,108,BRK,116
Wed Jan 31 2018,7:30p,MIA,89,CLE,91
Wed Jan 31 2018,7:00p,MEM,101,IND,105
Wed Jan 31 2018,7:00p,LAL,105,ORL,127
Wed Jan 31 2018,10:30p,DAL,88,PHO,102
Wed Jan 31 2018,10:00p,CHI,108,POR,124
Thu Feb 1 2018,10:30p,OKC,124,DEN,127
Thu Feb 1 2018,7:00p,MEM,102,DET,104
Thu Feb 1 2018,8:00p,MIL,89,MIN,108
Thu Feb 1 2018,8:00p,HOU,102,SAS,91
Thu Feb 1 2018,7:00p,TOR,119,WAS,122
Fri Feb 2 2018,7:30p,ATL,110,BOS,119
Fri Feb 2 2018,7:30p,LAL,102,BRK,99
Fri Feb 2 2018,7:00p,IND,126,CHO,133
Fri Feb 2 2018,8:00p,NYK,90,MIL,92
Fri Feb 2 2018,9:00p,NOP,114,OKC,100
Fri Feb 2 2018,8:00p,MIA,97,PHI,103
Fri Feb 2 2018,9:00p,UTA,129,PHO,97
Fri Feb 2 2018,10:30p,GSW,119,SAC,104
Fri Feb 2 2018,7:30p,POR,105,TOR,130
Sat Feb 3 2018,8:30p,HOU,120,CLE,88
Sat Feb 3 2018,9:00p,GSW,108,DEN,115
Sat Feb 3 2018,7:00p,MIA,107,DET,111
Sat Feb 3 2018,7:00p,PHI,92,IND,100
Sat Feb 3 2018,3:30p,CHI,103,LAC,113
Sat Feb 3 2018,9:00p,NOP,107,MIN,118
Sat Feb 3 2018,7:00p,WAS,115,ORL,98
Sat Feb 3 2018,10:00p,DAL,106,SAC,99
Sat Feb 3 2018,9:00p,UTA,120,SAS,111
Sun Feb 4 2018,12:00p,POR,96,BOS,97
Sun Feb 4 2018,12:00p,MIL,109,BRK,94
Sun Feb 4 2018,12:00p,ATL,99,NYK,96
Sun Feb 4 2018,2:00p,LAL,108,OKC,104
Sun Feb 4 2018,3:00p,CHO,115,PHO,110
Sun Feb 4 2018,12:00p,MEM,86,TOR,101
Mon Feb 5 2018,9:00p,CHO,104,DEN,121
Mon Feb 5 2018,7:00p,POR,91,DET,111
Mon Feb 5 2018,7:00p,WAS,111,IND,102
Mon Feb 5 2018,10:30p,DAL,101,LAC,104
Mon Feb 5 2018,7:30p,ORL,111,MIA,109
Mon Feb 5 2018,8:00p,UTA,133,NOP,109
Mon Feb 5 2018,10:00p,CHI,98,SAC,104
Tue Feb 6 2018,7:30p,MEM,82,ATL,108
Tue Feb 6 2018,7:30p,HOU,123,BRK,113
Tue Feb 6 2018,10:30p,OKC,125,GSW,105
Tue Feb 6 2018,10:30p,PHO,93,LAL,112
Tue Feb 6 2018,7:30p,MIL,103,NYK,89
Tue Feb 6 2018,7:00p,CLE,98,ORL,116
Tue Feb 6 2018,8:00p,WAS,102,PHI,115
Tue Feb 6 2018,7:30p,BOS,91,TOR,111
Wed Feb 7 2018,8:00p,MIN,138,CLE,140
Wed Feb 7 2018,7:00p,BRK,106,DET,115
Wed Feb 7 2018,8:00p,UTA,92,MEM,88
Wed Feb 7 2018,7:30p,HOU,109,MIA,101
Wed Feb 7 2018,10:30p,SAS,129,PHO,81
Thu Feb 8 2018,10:30p,DAL,103,GSW,121
Thu Feb 8 2018,10:30p,OKC,81,LAL,106
Thu Feb 8 2018,7:00p,ATL,98,ORL,100
Thu Feb 8 2018,10:00p,CHO,103,POR,109
Thu Feb 8 2018,7:30p,NYK,88,TOR,113
Thu Feb 8 2018,8:00p,BOS,110,WAS,104
Fri Feb 9 2018,7:30p,CLE,123,ATL,107
Fri Feb 9 2018,7:30p,IND,97,BOS,91
Fri Feb 9 2018,9:30p,MIN,113,CHI,114
Fri Feb 9 2018,7:00p,LAC,108,DET,95
Fri Feb 9 2018,8:00p,DEN,104,HOU,130
Fri Feb 9 2018,8:00p,MIL,85,MIA,91
Fri Feb 9 2018,7:00p,NOP,82,PHI,100
Fri Feb 9 2018,10:30p,POR,118,SAC,100
Fri Feb 9 2018,9:00p,CHO,94,UTA,106
Sat Feb 10 2018,6:00p,NOP,138,BRK,128
Sat Feb 10 2018,8:00p,WAS,101,CHI,90
Sat Feb 10 2018,8:30p,LAL,123,DAL,130
Sat Feb 10 2018,8:30p,SAS,105,GSW,122
Sat Feb 10 2018,7:00p,MIL,111,ORL,104
Sat Feb 10 2018,7:00p,LAC,98,PHI,112
Sat Feb 10 2018,9:00p,DEN,123,PHO,113
Sun Feb 11 2018,3:30p,DET,115,ATL,118
Sun Feb 11 2018,3:30p,CLE,121,BOS,99
Sun Feb 11 2018,1:00p,TOR,123,CHO,103
Sun Feb 11 2018,7:00p,DAL,97,HOU,104
Sun Feb 11 2018,5:00p,NYK,113,IND,121
Sun Feb 11 2018,7:00p,SAC,106,MIN,111
Sun Feb 11 2018,7:00p,MEM,92,OKC,110
Sun Feb 11 2018,9:00p,UTA,115,POR,96
Mon Feb 12 2018,7:30p,LAC,114,BRK,101
Mon Feb 12 2018,8:00p,ORL,101,CHI,105
Mon Feb 12 2018,7:00p,NOP,118,DET,103
Mon Feb 12 2018,10:30p,PHO,83,GSW,129
Mon Feb 12 2018,7:00p,NYK,92,PHI,108
Mon Feb 12 2018,9:00p,SAS,99,UTA,101
Tue Feb 13 2018,8:30p,SAC,114,DAL,109
Tue Feb 13 2018,10:30p,SAS,109,DEN,117
Tue Feb 13 2018,8:00p,ATL,92,MIL,97
Tue Feb 13 2018,8:00p,HOU,126,MIN,108
Tue Feb 13 2018,8:00p,CLE,120,OKC,112
Tue Feb 13 2018,7:00p,MIA,112,TOR,115
Wed Feb 14 2018,8:00p,LAC,129,BOS,119
Wed Feb 14 2018,7:30p,IND,108,BRK,103
Wed Feb 14 2018,8:00p,TOR,122,CHI,98
Wed Feb 14 2018,7:00p,ATL,98,DET,104
Wed Feb 14 2018,8:00p,SAC,91,HOU,100
Wed Feb 14 2018,8:00p,OKC,121,MEM,114
Wed Feb 14 2018,8:00p,LAL,117,NOP,139
Wed Feb 14 2018,7:30p,WAS,118,NYK,113
Wed Feb 14 2018,7:00p,CHO,104,ORL,102
Wed Feb 14 2018,7:00p,MIA,102,PHI,104
Wed Feb 14 2018,10:30p,GSW,117,POR,123
Wed Feb 14 2018,9:00p,PHO,97,UTA,107
Thu Feb 15 2018,8:00p,DEN,134,MIL,123
Thu Feb 15 2018,9:00p,LAL,111,MIN,119
Thu Feb 22 2018,8:00p,PHI,116,CHI,115
Thu Feb 22 2018,7:00p,BRK,96,CHO,111
Thu Feb 22 2018,8:00p,WAS,110,CLE,103
Thu Feb 22 2018,10:30p,LAC,127,GSW,134
Thu Feb 22 2018,7:00p,NYK,120,ORL,113
Thu Feb 22 2018,10:00p,OKC,110,SAC,107
Fri Feb 23 2018,9:00p,SAS,119,DEN,122
Fri Feb 23 2018,7:00p,BOS,110,DET,98
Fri Feb 23 2018,8:00p,MIN,102,HOU,120
Fri Feb 23 2018,7:00p,ATL,93,IND,116
Fri Feb 23 2018,10:30p,DAL,102,LAL,124
Fri Feb 23 2018,8:00p,CLE,112,MEM,89
Fri Feb 23 2018,8:00p,MIA,123,NOP,124
Fri Feb 23 2018,9:00p,LAC,128,PHO,117
Fri Feb 23 2018,7:30p,MIL,122,TOR,119
Fri Feb 23 2018,9:00p,POR,100,UTA,81
Fri Feb 23 2018,7:00p,CHO,122,WAS,105
Sat Feb 24 2018,8:30p,OKC,80,GSW,112
Sat Feb 24 2018,7:30p,MEM,89,MIA,115
Sat Feb 24 2018,9:00p,CHI,104,MIN,122
Sat Feb 24 2018,7:30p,BOS,121,NYK,112
Sat Feb 24 2018,5:00p,ORL,105,PHI,116
Sat Feb 24 2018,9:00p,POR,106,PHO,104
Sat Feb 24 2018,10:00p,LAL,113,SAC,108
Sat Feb 24 2018,9:00p,DAL,90,UTA,97
Sun Feb 25 2018,1:00p,DET,98,CHO,114
Sun Feb 25 2018,3:30p,SAS,110,CLE,94
Sun Feb 25 2018,8:00p,HOU,119,DEN,114
Sun Feb 25 2018,3:00p,NOP,123,MIL,121
Sun Feb 25 2018,8:00p,PHI,94,WAS,109
Mon Feb 26 2018,7:30p,LAL,123,ATL,104
Mon Feb 26 2018,7:30p,MEM,98,BOS,109
Mon Feb 26 2018,7:30p,CHI,87,BRK,104
Mon Feb 26 2018,8:30p,IND,103,DAL,109
Mon Feb 26 2018,8:00p,PHO,116,NOP,125
Mon Feb 26 2018,7:30p,GSW,125,NYK,111
Mon Feb 26 2018,8:00p,ORL,105,OKC,112
Mon Feb 26 2018,10:00p,MIN,118,SAC,100
Mon Feb 26 2018,7:30p,DET,94,TOR,123
Mon Feb 26 2018,9:00p,HOU,96,UTA,85
Tue Feb 27 2018,7:00p,CHI,103,CHO,118
Tue Feb 27 2018,7:00p,BRK,123,CLE,129
Tue Feb 27 2018,10:30p,LAC,122,DEN,120
Tue Feb 27 2018,7:30p,PHI,101,MIA,102
Tue Feb 27 2018,8:00p,WAS,107,MIL,104
Tue Feb 27 2018,10:00p,SAC,99,POR,116
Wed Feb 28 2018,7:30p,IND,102,ATL,107
Wed Feb 28 2018,7:30p,CHO,106,BOS,134
Wed Feb 28 2018,8:30p,OKC,111,DAL,110
Wed Feb 28 2018,7:00p,MIL,87,DET,110
Wed Feb 28 2018,10:30p,HOU,105,LAC,92
Wed Feb 28 2018,8:00p,PHO,110,MEM,102
Wed Feb 28 2018,7:00p,TOR,117,ORL,104
Wed Feb 28 2018,8:30p,NOP,121,SAS,116
Wed Feb 28 2018,8:00p,GSW,109,WAS,101
Thu Mar 1 2018,8:00p,PHI,108,CLE,97
Thu Mar 1 2018,7:30p,LAL,131,MIA,113
Thu Mar 1 2018,10:30p,MIN,99,POR,108
Thu Mar 1 2018,10:00p,BRK,111,SAC,116
Fri Mar 2 2018,7:30p,GSW,114,ATL,109
Fri Mar 2 2018,8:00p,DAL,100,CHI,108
Fri Mar 2 2018,10:30p,NYK,105,LAC,128
Fri Mar 2 2018,8:00p,DEN,108,MEM,102
Fri Mar 2 2018,8:00p,IND,103,MIL,96
Fri Mar 2 2018,7:00p,DET,106,ORL,115
Fri Mar 2 2018,7:00p,CHO,99,PHI,110
Fri Mar 2 2018,9:00p,OKC,124,PHO,116
Fri Mar 2 2018,10:30p,MIN,108,UTA,116
Fri Mar 2 2018,8:00p,TOR,102,WAS,95
Sat Mar 3 2018,7:30p,DEN,126,CLE,117
Sat Mar 3 2018,8:30p,BOS,120,HOU,123
Sat Mar 3 2018,7:30p,DET,96,MIA,105
Sat Mar 3 2018,7:00p,MEM,100,ORL,107
Sat Mar 3 2018,10:00p,OKC,100,POR,108
Sat Mar 3 2018,10:00p,UTA,98,SAC,91
Sat Mar 3 2018,9:00p,LAL,116,SAS,112
Sun Mar 4 2018,3:30p,PHO,112,ATL,113
Sun Mar 4 2018,7:00p,NOP,126,DAL,109
Sun Mar 4 2018,9:00p,BRK,120,LAC,123
Sun Mar 4 2018,8:00p,PHI,110,MIL,118
Sun Mar 4 2018,9:00p,NYK,99,SAC,102
Sun Mar 4 2018,6:00p,CHO,98,TOR,103
Sun Mar 4 2018,6:00p,IND,98,WAS,95
Mon Mar 5 2018,8:00p,BOS,105,CHI,89
Mon Mar 5 2018,7:00p,DET,90,CLE,112
Mon Mar 5 2018,7:00p,MIL,89,IND,92
Mon Mar 5 2018,10:30p,POR,108,LAL,103
Mon Mar 5 2018,7:30p,PHO,103,MIA,125
Mon Mar 5 2018,8:30p,MEM,98,SAS,100
Mon Mar 5 2018,9:00p,ORL,80,UTA,94
Tue Mar 6 2018,7:00p,PHI,128,CHO,114
Tue Mar 6 2018,8:30p,DEN,107,DAL,118
Tue Mar 6 2018,10:30p,BRK,101,GSW,114
Tue Mar 6 2018,10:30p,NOP,121,LAC,116
Tue Mar 6 2018,8:00p,HOU,122,OKC,112
Tue Mar 6 2018,10:00p,NYK,87,POR,111
Tue Mar 6 2018,7:00p,ATL,90,TOR,106
Tue Mar 6 2018,7:00p,MIA,113,WAS,117
Wed Mar 7 2018,8:00p,MEM,110,CHI,119
Wed Mar 7 2018,10:30p,CLE,113,DEN,108
Wed Mar 7 2018,8:00p,TOR,121,DET,119
Wed Mar 7 2018,7:00p,UTA,104,IND,84
Wed Mar 7 2018,10:30p,ORL,107,LAL,108
Wed Mar 7 2018,8:00p,HOU,110,MIL,99
Wed Mar 7 2018,10:00p,NOP,114,SAC,101
Thu Mar 8 2018,7:00p,BRK,125,CHO,111
Thu Mar 8 2018,10:30p,SAS,107,GSW,110
Thu Mar 8 2018,7:30p,PHI,99,MIA,108
Thu Mar 8 2018,8:00p,BOS,117,MIN,109
Thu Mar 8 2018,8:00p,PHO,87,OKC,115
Fri Mar 9 2018,9:00p,LAL,116,DEN,125
Fri Mar 9 2018,7:00p,CHI,83,DET,99
Fri Mar 9 2018,7:00p,ATL,87,IND,112
Fri Mar 9 2018,10:30p,CLE,102,LAC,116
Fri Mar 9 2018,8:00p,UTA,95,MEM,78
Fri Mar 9 2018,8:00p,NYK,112,MIL,120
Fri Mar 9 2018,8:00p,WAS,116,NOP,97
Fri Mar 9 2018,10:00p,GSW,108,POR,125
Fri Mar 9 2018,10:00p,ORL,88,SAC,94
Fri Mar 9 2018,7:30p,HOU,105,TOR,108
Sat Mar 10 2018,5:00p,PHO,115,CHO,122
Sat Mar 10 2018,8:30p,MEM,80,DAL,114
Sat Mar 10 2018,10:30p,ORL,105,LAC,113
Sat Mar 10 2018,7:30p,WAS,102,MIA,129
Sat Mar 10 2018,8:30p,SAS,94,OKC,104
Sun Mar 11 2018,3:30p,CHI,129,ATL,122
Sun Mar 11 2018,7:30p,IND,99,BOS,97
Sun Mar 11 2018,7:30p,PHI,120,BRK,97
Sun Mar 11 2018,7:00p,HOU,105,DAL,82
Sun Mar 11 2018,5:00p,SAC,104,DEN,130
Sun Mar 11 2018,9:00p,CLE,113,LAL,127
Sun Mar 11 2018,3:30p,GSW,103,MIN,109
Sun Mar 11 2018,4:00p,UTA,116,NOP,99
Sun Mar 11 2018,1:00p,TOR,132,NYK,106
Mon Mar 12 2018,8:00p,SAS,93,HOU,109
Mon Mar 12 2018,8:00p,MIL,121,MEM,103
Mon Mar 12 2018,8:00p,SAC,101,OKC,106
Mon Mar 12 2018,10:30p,MIA,99,POR,115
Tue Mar 13 2018,7:30p,OKC,119,ATL,107
Tue Mar 13 2018,7:30p,TOR,116,BRK,102
Tue Mar 13 2018,8:00p,LAC,112,CHI,106
Tue Mar 13 2018,10:30p,DEN,103,LAL,112
Tue Mar 13 2018,8:00p,CHO,115,NOP,119
Tue Mar 13 2018,7:30p,DAL,110,NYK,97
Tue Mar 13 2018,7:00p,IND,101,PHI,98
Tue Mar 13 2018,10:00p,CLE,129,PHO,107
Tue Mar 13 2018,8:30p,ORL,72,SAS,108
Tue Mar 13 2018,9:00p,DET,79,UTA,110
Tue Mar 13 2018,7:00p,MIN,116,WAS,111
Wed Mar 14 2018,8:00p,WAS,125,BOS,124
Wed Mar 14 2018,10:30p,LAL,106,GSW,117
Wed Mar 14 2018,7:00p,MIL,117,ORL,126
Wed Mar 14 2018,10:00p,MIA,119,SAC,123
Thu Mar 15 2018,7:30p,CHO,129,ATL,117
Thu Mar 15 2018,9:00p,DET,113,DEN,120
Thu Mar 15 2018,8:00p,LAC,96,HOU,101
Thu Mar 15 2018,7:00p,TOR,106,IND,99
Thu Mar 15 2018,8:00p,CHI,111,MEM,110
Thu Mar 15 2018,7:30p,PHI,118,NYK,110
Thu Mar 15 2018,10:00p,CLE,105,POR,113
Thu Mar 15 2018,8:30p,NOP,93,SAS,98
Thu Mar 15 2018,9:00p,PHO,88,UTA,116
Fri Mar 16 2018,10:30p,SAC,98,GSW,93
Fri Mar 16 2018,10:30p,MIA,92,LAL,91
Fri Mar 16 2018,8:00p,LAC,113,OKC,121
Fri Mar 16 2018,7:00p,BOS,92,ORL,83
Fri Mar 16 2018,7:00p,BRK,116,PHI,120
Fri Mar 16 2018,7:30p,DAL,115,TOR,122
Sat Mar 17 2018,7:30p,DAL,106,BRK,114
Sat Mar 17 2018,8:00p,CLE,114,CHI,109
Sat Mar 17 2018,8:00p,DEN,94,MEM,101
Sat Mar 17 2018,6:00p,ATL,117,MIL,122
Sat Mar 17 2018,7:00p,HOU,107,NOP,101
Sat Mar 17 2018,7:30p,CHO,101,NYK,124
Sat Mar 17 2018,10:00p,GSW,124,PHO,109
Sat Mar 17 2018,10:00p,DET,87,POR,100
Sat Mar 17 2018,8:30p,MIN,101,SAS,117
Sat Mar 17 2018,9:00p,SAC,97,UTA,103
Sat Mar 17 2018,7:00p,IND,102,WAS,109
Sun Mar 18 2018,10:30p,POR,122,LAC,109
Sun Mar 18 2018,7:00p,HOU,129,MIN,120
Sun Mar 18 2018,6:00p,BOS,89,NOP,108
Sun Mar 18 2018,1:00p,OKC,132,TOR,125
Mon Mar 19 2018,7:30p,MEM,115,BRK,118
Mon Mar 19 2018,7:00p,MIL,117,CLE,124
Mon Mar 19 2018,7:00p,LAL,100,IND,110
Mon Mar 19 2018,7:30p,DEN,141,MIA,149
Mon Mar 19 2018,7:30p,CHI,92,NYK,110
Mon Mar 19 2018,7:00p,CHO,94,PHI,108
Mon Mar 19 2018,10:00p,DET,106,SAC,90
Mon Mar 19 2018,9:30p,GSW,75,SAS,89
Tue Mar 20 2018,8:00p,OKC,99,BOS,100
Tue Mar 20 2018,8:00p,LAC,109,MIN,123
Tue Mar 20 2018,8:00p,DAL,105,NOP,115
Tue Mar 20 2018,7:00p,TOR,93,ORL,86
Tue Mar 20 2018,10:00p,DET,115,PHO,88
Tue Mar 20 2018,10:30p,HOU,115,POR,111
Tue Mar 20 2018,9:00p,ATL,99,UTA,94
Wed Mar 21 2018,7:30p,CHO,111,BRK,105
Wed Mar 21 2018,8:00p,DEN,135,CHI,102
Wed Mar 21 2018,7:00p,TOR,129,CLE,132
Wed Mar 21 2018,7:30p,NYK,98,MIA,119
Wed Mar 21 2018,8:00p,LAC,127,MIL,120
Wed Mar 21 2018,8:00p,IND,92,NOP,96
Wed Mar 21 2018,7:00p,MEM,105,PHI,119
Wed Mar 21 2018,9:30p,WAS,90,SAS,98
Thu Mar 22 2018,7:00p,MEM,79,CHO,140
Thu Mar 22 2018,8:30p,UTA,119,DAL,112
Thu Mar 22 2018,8:00p,DET,96,HOU,100
Thu Mar 22 2018,8:00p,LAL,125,NOP,128
Thu Mar 22 2018,7:00p,PHI,118,ORL,98
Thu Mar 22 2018,10:00p,ATL,90,SAC,105
Fri Mar 23 2018,8:00p,MIL,118,CHI,105
Fri Mar 23 2018,7:30p,PHO,95,CLE,120
Fri Mar 23 2018,10:30p,ATL,94,GSW,106
Fri Mar 23 2018,7:00p,LAC,104,IND,109
Fri Mar 23 2018,7:30p,MIN,108,NYK,104
Fri Mar 23 2018,8:00p,MIA,99,OKC,105
Fri Mar 23 2018,10:00p,BOS,105,POR,100
Fri Mar 23 2018,8:30p,UTA,120,SAS,124
Fri Mar 23 2018,7:30p,BRK,112,TOR,116
Fri Mar 23 2018,7:00p,DEN,108,WAS,100
Sat Mar 24 2018,8:30p,CHO,102,DAL,98
Sat Mar 24 2018,7:00p,CHI,95,DET,117
Sat Mar 24 2018,8:00p,NOP,91,HOU,114
Sat Mar 24 2018,8:00p,LAL,100,MEM,93
Sat Mar 24 2018,7:00p,PHO,99,ORL,105
Sat Mar 24 2018,6:00p,MIN,108,PHI,120
Sun Mar 25 2018,1:00p,CLE,121,BRK,114
Sun Mar 25 2018,8:30p,UTA,110,GSW,91
Sun Mar 25 2018,8:00p,ATL,99,HOU,118
Sun Mar 25 2018,5:00p,MIA,107,IND,113
Sun Mar 25 2018,3:30p,SAS,103,MIL,106
Sun Mar 25 2018,7:00p,POR,108,OKC,105
Sun Mar 25 2018,6:00p,BOS,104,SAC,93
Sun Mar 25 2018,6:00p,LAC,117,TOR,106
Sun Mar 25 2018,6:00p,NYK,101,WAS,97
Mon Mar 26 2018,7:00p,NYK,128,CHO,137
Mon Mar 26 2018,7:00p,LAL,106,DET,112
Mon Mar 26 2018,8:00p,MEM,101,MIN,93
Mon Mar 26 2018,7:00p,DEN,104,PHI,123
Mon Mar 26 2018,10:00p,BOS,102,PHO,94
Tue Mar 27 2018,10:30p,IND,92,GSW,81
Tue Mar 27 2018,8:00p,CHI,86,HOU,118
Tue Mar 27 2018,10:30p,MIL,98,LAC,105
Tue Mar 27 2018,8:00p,CLE,79,MIA,98
Tue Mar 27 2018,8:00p,POR,107,NOP,103
Tue Mar 27 2018,10:00p,DAL,103,SAC,97
Tue Mar 27 2018,7:30p,DEN,110,TOR,114
Tue Mar 27 2018,7:00p,SAS,106,WAS,116
Wed Mar 28 2018,7:00p,CLE,118,CHO,105
Wed Mar 28 2018,10:30p,DAL,93,LAL,103
Wed Mar 28 2018,8:00p,POR,103,MEM,108
Wed Mar 28 2018,8:00p,ATL,114,MIN,126
Wed Mar 28 2018,7:00p,BRK,111,ORL,104
Wed Mar 28 2018,7:00p,NYK,101,PHI,118
Wed Mar 28 2018,10:00p,LAC,111,PHO,99
Wed Mar 28 2018,9:30p,BOS,97,UTA,94
Thu Mar 29 2018,7:00p,WAS,92,DET,103
Thu Mar 29 2018,10:30p,MIL,116,GSW,107
Thu Mar 29 2018,7:30p,CHI,92,MIA,103
Thu Mar 29 2018,10:00p,IND,106,SAC,103
Thu Mar 29 2018,8:00p,OKC,99,SAS,103
Fri Mar 30 2018,7:30p,PHI,101,ATL,91
Fri Mar 30 2018,8:00p,NOP,102,CLE,107
Fri Mar 30 2018,8:30p,MIN,93,DAL,92
Fri Mar 30 2018,8:00p,PHO,103,HOU,104
Fri Mar 30 2018,10:30p,MIL,124,LAL,122
Fri Mar 30 2018,8:00p,DEN,126,OKC,125
Fri Mar 30 2018,7:00p,CHI,90,ORL,82
Fri Mar 30 2018,10:30p,LAC,96,POR,105
Fri Mar 30 2018,9:00p,MEM,97,UTA,107
Sat Mar 31 2018,7:30p,TOR,99,BOS,110
Sat Mar 31 2018,8:00p,BRK,110,MIA,109
Sat Mar 31 2018,5:00p,DET,115,NYK,109
Sat Mar 31 2018,10:00p,GSW,112,SAC,96
Sat Mar 31 2018,3:00p,CHO,93,WAS,107
Sun Apr 1 2018,6:00p,ORL,88,ATL,94
Sun Apr 1 2018,6:00p,DET,108,BRK,96
Sun Apr 1 2018,3:30p,WAS,94,CHI,113
Sun Apr 1 2018,1:00p,PHI,119,CHO,102
Sun Apr 1 2018,6:00p,DAL,87,CLE,98
Sun Apr 1 2018,8:00p,MIL,125,DEN,128
Sun Apr 1 2018,8:30p,PHO,107,GSW,117
Sun Apr 1 2018,3:30p,IND,111,LAC,104
Sun Apr 1 2018,9:30p,SAC,84,LAL,83
Sun Apr 1 2018,7:00p,UTA,121,MIN,97
Sun Apr 1 2018,6:00p,OKC,109,NOP,104
Sun Apr 1 2018,9:00p,MEM,98,POR,113
Sun Apr 1 2018,3:30p,HOU,83,SAS,100
Tue Apr 3 2018,8:00p,CHO,114,CHI,120
Tue Apr 3 2018,7:00p,TOR,106,CLE,112
Tue Apr 3 2018,8:30p,POR,109,DAL,115
Tue Apr 3 2018,9:00p,IND,104,DEN,107
Tue Apr 3 2018,8:00p,WAS,104,HOU,120
Tue Apr 3 2018,10:30p,SAS,110,LAC,113
Tue Apr 3 2018,7:30p,ATL,98,MIA,101
Tue Apr 3 2018,8:00p,BOS,102,MIL,106
Tue Apr 3 2018,7:30p,ORL,97,NYK,73
Tue Apr 3 2018,8:00p,GSW,111,OKC,107
Tue Apr 3 2018,7:00p,BRK,95,PHI,121
Tue Apr 3 2018,10:00p,SAC,94,PHO,97
Tue Apr 3 2018,9:00p,LAL,110,UTA,117
Wed Apr 4 2018,7:30p,MIA,115,ATL,86
Wed Apr 4 2018,7:00p,PHI,115,DET,108
Wed Apr 4 2018,10:30p,SAS,112,LAL,122
Wed Apr 4 2018,8:00p,MEM,95,NOP,123
Wed Apr 4 2018,7:00p,DAL,100,ORL,105
Wed Apr 4 2018,8:00p,BOS,78,TOR,96
Thu Apr 5 2018,8:00p,WAS,115,CLE,119
Thu Apr 5 2018,10:30p,MIN,96,DEN,100
Thu Apr 5 2018,8:00p,POR,94,HOU,96
Thu Apr 5 2018,7:00p,GSW,106,IND,126
Thu Apr 5 2018,8:00p,BRK,119,MIL,111
Thu Apr 5 2018,9:00p,LAC,95,UTA,117
Fri Apr 6 2018,7:30p,CHI,104,BOS,111
Fri Apr 6 2018,7:00p,DAL,106,DET,113
Fri Apr 6 2018,10:30p,MIN,113,LAL,96
Fri Apr 6 2018,8:00p,SAC,94,MEM,93
Fri Apr 6 2018,7:30p,MIA,98,NYK,122
Fri Apr 6 2018,7:00p,CHO,137,ORL,100
Fri Apr 6 2018,7:00p,CLE,130,PHI,132
Fri Apr 6 2018,10:00p,NOP,122,PHO,103
Fri Apr 6 2018,7:30p,IND,73,TOR,92
Fri Apr 6 2018,7:00p,ATL,103,WAS,97
Sat Apr 7 2018,8:00p,BRK,124,CHI,96
Sat Apr 7 2018,8:30p,NOP,126,GSW,120
Sat Apr 7 2018,8:30p,OKC,108,HOU,102
Sat Apr 7 2018,3:30p,DEN,134,LAC,115
Sat Apr 7 2018,7:30p,MIL,115,NYK,102
Sat Apr 7 2018,9:00p,POR,105,SAS,116
Sun Apr 8 2018,1:00p,ATL,112,BOS,106
Sun Apr 8 2018,1:00p,IND,123,CHO,117
Sun Apr 8 2018,6:00p,UTA,112,LAL,97
Sun Apr 8 2018,3:30p,DET,117,MEM,130
Sun Apr 8 2018,1:00p,DAL,97,PHI,109
Sun Apr 8 2018,9:00p,GSW,117,PHO,100
Sun Apr 8 2018,6:00p,ORL,101,TOR,112
Mon Apr 9 2018,7:30p,CHI,105,BRK,114
Mon Apr 9 2018,9:00p,POR,82,DEN,88
Mon Apr 9 2018,7:00p,TOR,108,DET,98
Mon Apr 9 2018,10:30p,NOP,113,LAC,100
Mon Apr 9 2018,7:30p,OKC,115,MIA,93
Mon Apr 9 2018,8:00p,ORL,86,MIL,102
Mon Apr 9 2018,8:00p,MEM,94,MIN,113
Mon Apr 9 2018,7:30p,CLE,123,NYK,109
Mon Apr 9 2018,8:30p,SAC,85,SAS,98
Tue Apr 10 2018,7:30p,PHI,121,ATL,113
Tue Apr 10 2018,8:30p,PHO,124,DAL,97
Tue Apr 10 2018,7:00p,CHO,119,IND,93
Tue Apr 10 2018,10:30p,HOU,105,LAL,99
Tue Apr 10 2018,9:00p,GSW,79,UTA,119
Tue Apr 10 2018,8:00p,BOS,101,WAS,113
Wed Apr 11 2018,8:00p,BRK,97,BOS,110
Wed Apr 11 2018,8:00p,DET,119,CHI,87
Wed Apr 11 2018,8:00p,NYK,110,CLE,98
Wed Apr 11 2018,10:30p,LAL,115,LAC,100
Wed Apr 11 2018,8:00p,TOR,109,MIA,116
Wed Apr 11 2018,8:00p,DEN,106,MIN,112
Wed Apr 11 2018,8:00p,SAS,98,NOP,122
Wed Apr 11 2018,8:00p,MEM,123,OKC,137
Wed Apr 11 2018,8:00p,WAS,92,ORL,101
Wed Apr 11 2018,8:00p,MIL,95,PHI,130
Wed Apr 11 2018,10:30p,UTA,93,POR,102
Wed Apr 11 2018,10:30p,HOU,83,SAC,96
Sat Apr 14 2018,3:00p,SAS,92,GSW,113
Sat Apr 14 2018,8:00p,MIA,103,PHI,130
Sat Apr 14 2018,10:30p,NOP,97,POR,95
Sat Apr 14 2018,5:30p,WAS,106,TOR,114
Sun Apr 15 2018,1:00p,MIL,107,BOS,113
Sun Apr 15 2018,3:30p,IND,98,CLE,80
Sun Apr 15 2018,9:00p,MIN,101,HOU,104
Sun Apr 15 2018,6:30p,UTA,108,OKC,116
Mon Apr 16 2018,10:30p,SAS,101,GSW,116
Mon Apr 16 2018,8:00p,MIA,113,PHI,103
Tue Apr 17 2018,8:00p,MIL,106,BOS,120
Tue Apr 17 2018,10:30p,NOP,111,POR,102
Tue Apr 17 2018,7:00p,WAS,119,TOR,130
Wed Apr 18 2018,7:00p,IND,97,CLE,100
Wed Apr 18 2018,9:30p,MIN,82,HOU,102
Wed Apr 18 2018,8:00p,UTA,102,OKC,95
Thu Apr 19 2018,7:00p,PHI,128,MIA,108
Thu Apr 19 2018,9:00p,POR,102,NOP,119
Thu Apr 19 2018,9:30p,GSW,110,SAS,97
Fri Apr 20 2018,7:00p,CLE,90,IND,92
Fri Apr 20 2018,9:30p,BOS,92,MIL,116
Fri Apr 20 2018,8:00p,TOR,103,WAS,122
Sat Apr 21 2018,2:30p,PHI,106,MIA,102
Sat Apr 21 2018,7:30p,HOU,105,MIN,121
Sat Apr 21 2018,5:00p,POR,123,NOP,131
Sat Apr 21 2018,10:00p,OKC,102,UTA,115
Sun Apr 22 2018,8:30p,CLE,104,IND,100
Sun Apr 22 2018,1:00p,BOS,102,MIL,104
Sun Apr 22 2018,3:30p,GSW,90,SAS,103
Sun Apr 22 2018,6:00p,TOR,98,WAS,106
Mon Apr 23 2018,8:00p,HOU,119,MIN,100
Mon Apr 23 2018,10:30p,OKC,96,UTA,113
Tue Apr 24 2018,7:00p,MIL,87,BOS,92
Tue Apr 24 2018,10:30p,SAS,91,GSW,99
Tue Apr 24 2018,8:00p,MIA,91,PHI,104
Wed Apr 25 2018,7:00p,IND,95,CLE,98
Wed Apr 25 2018,9:30p,MIN,104,HOU,122
Wed Apr 25 2018,9:30p,UTA,99,OKC,107
Wed Apr 25 2018,7:00p,WAS,98,TOR,108
Thu Apr 26 2018,8:00p,BOS,86,MIL,97
Fri Apr 27 2018,8:00p,CLE,87,IND,121
Fri Apr 27 2018,10:30p,OKC,91,UTA,96
Fri Apr 27 2018,7:00p,TOR,102,WAS,92
Sat Apr 28 2018,8:00p,MIL,96,BOS,112
Sat Apr 28 2018,10:30p,NOP,101,GSW,123
Sun Apr 29 2018,1:00p,IND,101,CLE,105
Sun Apr 29 2018,3:30p,UTA,96,HOU,110
Mon Apr 30 2018,8:00p,PHI,101,BOS,117
Tue May 1 2018,10:30p,NOP,116,GSW,121
Tue May 1 2018,8:00p,CLE,113,TOR,112
Wed May 2 2018,8:00p,UTA,116,HOU,108
Thu May 3 2018,8:30p,PHI,103,BOS,108
Thu May 3 2018,6:00p,CLE,128,TOR,110
Fri May 4 2018,8:00p,GSW,100,NOP,119
Fri May 4 2018,10:30p,HOU,113,UTA,92
Sat May 5 2018,8:30p,TOR,103,CLE,105
Sat May 5 2018,5:00p,BOS,101,PHI,98
Sun May 6 2018,3:30p,GSW,118,NOP,92
Sun May 6 2018,8:00p,HOU,100,UTA,87
Mon May 7 2018,8:30p,TOR,93,CLE,128
Mon May 7 2018,6:00p,BOS,92,PHI,103
Tue May 8 2018,10:30p,NOP,104,GSW,113
Tue May 8 2018,8:00p,UTA,102,HOU,112
Wed May 9 2018,8:00p,PHI,112,BOS,114
Sun May 13 2018,3:30p,CLE,83,BOS,108
Mon May 14 2018,9:00p,GSW,119,HOU,106
Tue May 15 2018,8:30p,CLE,94,BOS,107
Wed May 16 2018,9:00p,GSW,105,HOU,127
Sat May 19 2018,8:30p,BOS,86,CLE,116
Sun May 20 2018,8:00p,HOU,85,GSW,126
Mon May 21 2018,8:30p,BOS,102,CLE,111
Tue May 22 2018,9:00p,HOU,95,GSW,92
Wed May 23 2018,8:30p,CLE,83,BOS,96
Thu May 24 2018,9:00p,GSW,94,HOU,98
Fri May 25 2018,8:30p,BOS,99,CLE,109
Sat May 26 2018,9:00p,HOU,86,GSW,115
Sun May 27 2018,8:30p,CLE,87,BOS,79
Mon May 28 2018,9:00p,GSW,101,HOU,92
Thu May 31 2018,9:00p,CLE,114,GSW,124
Sun Jun 3 2018,8:00p,CLE,103,GSW,122
Wed Jun 6 2018,9:00p,GSW,110,CLE,102
Fri Jun 8 2018,9:00p,GSW,108,CLE,85
